Mot-clÄ original;Label_91;ID_91;Source_91;Score_91
Environmental parameters;environmental parameter;http://data.loterre.fr/ark:/67375/BLH-ZKKF563R-D;BLH;97.9
Evolutionnary ecology;evolutionary ecology;http://data.loterre.fr/ark:/67375/BLH-N51T1G0F-V;BLH;97.6
Agricultural systems;agricultural system;http://data.loterre.fr/ark:/67375/BLH-PGRLLF5Z-T;BLH;97.4
agricultural systems;agricultural system;http://data.loterre.fr/ark:/67375/BLH-PGRLLF5Z-T;BLH;97.4
ecosystem modelling;ecosystem modeling;http://data.loterre.fr/ark:/67375/BLH-NQ6TF17R-6;BLH;97.3
Functional traits;functional trait;http://data.loterre.fr/ark:/67375/BLH-KPTQ65DD-D;BLH;97.0
functional traits;functional trait;http://data.loterre.fr/ark:/67375/BLH-KPTQ65DD-D;BLH;97.0
wildflower strips;wildflower strip;http://data.loterre.fr/ark:/67375/BLH-L4DM431G-T;BLH;97.0
Changement d'usage des terres;changement dšusage des terres;http://data.loterre.fr/ark:/67375/BLH-JQ2LKZ4V-3;BLH;96.6
feeding habits;feeding habit;http://data.loterre.fr/ark:/67375/BLH-H9ZNS4CC-Z;BLH;96.3
trophic chains;trophic chain;http://data.loterre.fr/ark:/67375/BLH-R3V45R72-P;BLH;96.3
plant-microbes interactions;plant-microbe interaction;http://data.loterre.fr/ark:/67375/BLH-G71P8CXM-Z;BLH;96.2
Empreinte eau;empreinte en eau;http://data.loterre.fr/ark:/67375/BLH-QSTQQWBZ-W;BLH;95.0
ecologie microbienne;Äcologie microbienne;http://data.loterre.fr/ark:/67375/BLH-S03D450V-9;BLH;95.0
leaf functional trait;functional trait;http://data.loterre.fr/ark:/67375/BLH-KPTQ65DD-D;BLH;95.0
riverbank;river bank;http://data.loterre.fr/ark:/67375/BLH-MCLRLXWF-L;BLH;94.7
MÄtÄorologie et climatologie;MÄtÄorologie / Climatologie;http://data.loterre.fr/ark:/67375/BLH-MTO;BLH;94.5
mÄtÄorologie et climatologie;MÄtÄorologie / Climatologie;http://data.loterre.fr/ark:/67375/BLH-MTO;BLH;94.5
Edition du gÄnome;Ädition du gÄnome;http://data.loterre.fr/ark:/67375/BLH-HHMQRQMS-D;BLH;94.1
bushfire;bush fire;http://data.loterre.fr/ark:/67375/BLH-P8GBNF6K-T;BLH;94.1
toponyms;Toponym;http://data.loterre.fr/ark:/67375/BLH-TOPO;BLH;93.3
P40 - MÄtÄorologie et climatologie;MÄtÄorologie / Climatologie;http://data.loterre.fr/ark:/67375/BLH-MTO;BLH;91.3
Deep Leaning;Deep learning;http://edamontology.org/topic______Deep_learning;EDAM_IMAGING;96.0
fourier-transform infrared spectroscopy (FTIR);Fourier-transform infrared spectroscopy;http://edamontology.org/topic______Fourier-transform_infrared_spectroscopy;EDAM_IMAGING;95.0
microtomography;X-ray microtomography;http://edamontology.org/topic______Computed_microtomography;EDAM_IMAGING;95.0
Machine-learning;Machine learning;http://edamontology.org/topic_3474;EDAM_IMAGING;93.8
single nucleotid polymorphism;Single nucleotide polymorphism;http://edamontology.org/topic_2885;EDAM_MAIN;98.3
Statistical modeling;Statistical modelling;http://edamontology.org/operation_3664;EDAM_MAIN;97.6
statistical modeling;Statistical modelling;http://edamontology.org/operation_3664;EDAM_MAIN;97.6
meta-transcriptomics;Metatranscriptomics;http://edamontology.org/topic_3941;EDAM_MAIN;97.4
DNA polymorphisms;DNA polymorphism;http://edamontology.org/topic_2885;EDAM_MAIN;97.0
Microstellites;Microsatellites;http://edamontology.org/topic_2885;EDAM_MAIN;96.6
Plant sciences;Plant science;http://edamontology.org/topic_0780;EDAM_MAIN;96.3
plant sciences;Plant science;http://edamontology.org/topic_0780;EDAM_MAIN;96.3
Chemiometrics;Chemometrics;http://edamontology.org/operation_3931;EDAM_MAIN;96.0
Whole Genome;Whole genomes;http://edamontology.org/topic_0622;EDAM_MAIN;96.0
Genetic maps;Genetic map;http://edamontology.org/data_1278;EDAM_MAIN;95.7
Metagenomic;Metagenomics;http://edamontology.org/topic_3174;EDAM_MAIN;95.7
Whole-Genome Sequencing;Whole genome sequencing;http://edamontology.org/topic_3673;EDAM_MAIN;95.7
Whole-genome sequencing;Whole genome sequencing;http://edamontology.org/topic_3673;EDAM_MAIN;95.7
data minning;Data mining;http://edamontology.org/topic_3473;EDAM_MAIN;95.7
metagenomic;Metagenomics;http://edamontology.org/topic_3174;EDAM_MAIN;95.7
agregation;Aggregation;http://edamontology.org/operation_3436;EDAM_MAIN;95.2
20K SNP array;SNP array;http://edamontology.org/topic_3518;EDAM_MAIN;95.0
SNP genotyping;Genotyping;http://edamontology.org/topic_0625;EDAM_MAIN;95.0
Single nucleotide polymorphism markers;Single nucleotide polymorphism;http://edamontology.org/topic_2885;EDAM_MAIN;95.0
complex systems modelling;Systems modelling;http://edamontology.org/topic_2259;EDAM_MAIN;95.0
ecological niche modelling;Ecological modelling;http://edamontology.org/operation_3946;EDAM_MAIN;95.0
horse management data;Data management;http://edamontology.org/topic_3071;EDAM_MAIN;95.0
quantitative trait locus (QTL);Quantitative trait locus;http://edamontology.org/data_1906;EDAM_MAIN;95.0
simulation modelling;Modelling and simulation;http://edamontology.org/operation_2426;EDAM_MAIN;95.0
single nucleotide polymorphism (SNP);Single nucleotide polymorphism;http://edamontology.org/topic_2885;EDAM_MAIN;95.0
tree species;Species tree;http://edamontology.org/data_3272;EDAM_MAIN;95.0
inversions;Inversion;http://edamontology.org/topic_3175;EDAM_MAIN;94.7
parameters;Parameter;http://edamontology.org/data_2527;EDAM_MAIN;94.7
thresholds;Threshold;http://edamontology.org/data_2146;EDAM_MAIN;94.7
fluxomic;Fluxomics;http://edamontology.org/topic_3955;EDAM_MAIN;94.1
Plant Pahtology;Plant pathology;http://edamontology.org/topic_3810;EDAM_MAIN;93.3
Genomic;Genomics;http://edamontology.org/topic_0622;EDAM_MAIN;93.3
genome analyses;Genome analysis;http://edamontology.org/operation_3918;EDAM_MAIN;93.3
heatmap;Heat map;http://edamontology.org/data_1636;EDAM_MAIN;93.3
residues;Residue;http://edamontology.org/data_1756;EDAM_MAIN;93.3
Metagenome assembly;Metagenomic assembly;http://edamontology.org/operation_0310;EDAM_MAIN;92.3
RNAseq;RNA-Seq;http://edamontology.org/topic_3170;EDAM_MAIN;92.3
agri-environmental indicators;agri-environmental indicator;http://eurovoc.europa.eu/8550;EUROVOC;98.2
Parliamentary questions;parliamentary question;http://eurovoc.europa.eu/2876;EUROVOC;97.8
MÄthodes de recherche;mÄthode de recherche;http://eurovoc.europa.eu/1894;EUROVOC;97.6
mÄthodes de recherche;mÄthode de recherche;http://eurovoc.europa.eu/1894;EUROVOC;97.6
peri-urban areas;peri-urban area;http://eurovoc.europa.eu/4804;EUROVOC;96.8
Farm Households;farm household;http://eurovoc.europa.eu/1865;EUROVOC;96.6
periurban areas;periurban area;http://eurovoc.europa.eu/4804;EUROVOC;96.6
Perenial crop;perennial crop;http://eurovoc.europa.eu/325;EUROVOC;96.3
prÄcipitation;prÄcipitations;http://eurovoc.europa.eu/89;EUROVOC;96.3
Young workers;young worker;http://eurovoc.europa.eu/1529;EUROVOC;96.0
CoopÄratives;coopÄrative;http://eurovoc.europa.eu/227;EUROVOC;95.7
BIO genetics;biogenetics;http://eurovoc.europa.eu/4111;EUROVOC;95.7
food system;food systems;http://eurovoc.europa.eu/c_46c93760;EUROVOC;95.7
systÅmes agroforestiers;systÅme agroforestier;http://eurovoc.europa.eu/6314;EUROVOC;95.5
Evaluation Äconomique;Ävaluation Äconomique;http://eurovoc.europa.eu/1800;EUROVOC;95.2
Culture des plantes (AGRIS);culture des plantes;http://eurovoc.europa.eu/2723;EUROVOC;95.0
Cultures ÄnergÄtiques;culture ÄnergÄtique;http://eurovoc.europa.eu/6320;EUROVOC;95.0
A50 - Recherche Agronomique;recherche agronomique;http://eurovoc.europa.eu/2915;EUROVOC;95.0
A50 - Recherche agronomique;recherche agronomique;http://eurovoc.europa.eu/2915;EUROVOC;95.0
A50 Agronomic Research;agronomic research;http://eurovoc.europa.eu/2915;EUROVOC;95.0
A50 Recherche agronomique;recherche agronomique;http://eurovoc.europa.eu/2915;EUROVOC;95.0
Plan local d'urbanisme;plan d'urbanisme;http://eurovoc.europa.eu/2391;EUROVOC;95.0
Production de lÄgumes;production de lÄgumes frais;http://eurovoc.europa.eu/324;EUROVOC;95.0
F08 - agroforesterie;agroforesterie;http://eurovoc.europa.eu/6314;EUROVOC;95.0
Global mining production;mining production;http://eurovoc.europa.eu/3750;EUROVOC;95.0
Land parcel;parcel of land;http://eurovoc.europa.eu/2237;EUROVOC;95.0
Movement ecology;ecology movement;http://eurovoc.europa.eu/2007;EUROVOC;95.0
E50 - Sociologie rurale;sociologie rurale;http://eurovoc.europa.eu/7391;EUROVOC;95.0
F01 - Culture des plantes;culture des plantes;http://eurovoc.europa.eu/2723;EUROVOC;95.0
F01 Culture des plantes;culture des plantes;http://eurovoc.europa.eu/2723;EUROVOC;95.0
Recherche agronomique (A50);recherche agronomique;http://eurovoc.europa.eu/2915;EUROVOC;95.0
Scientific information systems;scientific information;http://eurovoc.europa.eu/5808;EUROVOC;95.0
Self-sufficiency;self-sufficiency rate;http://eurovoc.europa.eu/4389;EUROVOC;95.0
application software;browser software application;http://eurovoc.europa.eu/6182;EUROVOC;95.0
ferme expÄrimentale INRAE;ferme expÄrimentale;http://eurovoc.europa.eu/984;EUROVOC;95.0
SÄrie de donnÄes gÄographiques;donnÄes gÄographiques;http://eurovoc.europa.eu/c_7a168de0;EUROVOC;95.0
land parcel;parcel of land;http://eurovoc.europa.eu/2237;EUROVOC;95.0
marchÄ immobilier urbain;marchÄ immobilier;http://eurovoc.europa.eu/3378;EUROVOC;95.0
performance indicator;key performance indicator;http://eurovoc.europa.eu/c_03f9a8ac;EUROVOC;95.0
production de lÄgumes;production de lÄgumes frais;http://eurovoc.europa.eu/324;EUROVOC;95.0
systÅme alimentaire;systÅmes alimentaires;http://eurovoc.europa.eu/c_46c93760;EUROVOC;95.0
traitement automatique des langues naturelles;traitement automatique des langues;http://eurovoc.europa.eu/c_67092197;EUROVOC;95.0
EspÅces exotiques envahissantes;espÅce exotique envahissante;http://eurovoc.europa.eu/c_3212cc75;EUROVOC;94.9
Culture de plante;culture des plantes;http://eurovoc.europa.eu/2723;EUROVOC;94.4
Rare-earth element;rare earth element;http://eurovoc.europa.eu/c_b9c60592;EUROVOC;94.4
Exploitation agicole familiale;exploitation familiale agricole;http://eurovoc.europa.eu/942;EUROVOC;93.4
DÄportÄs;dÄportÄ;http://eurovoc.europa.eu/406;EUROVOC;93.3
Pays de l'Europe centrale et orientale;pays dšEurope centrale et orientale;http://eurovoc.europa.eu/5781;EUROVOC;93.2
villes moyennes;ville moyenne;http://eurovoc.europa.eu/4710;EUROVOC;92.9
RÄsidus;rÄsidu;http://eurovoc.europa.eu/343;EUROVOC;92.3
Model simulations;simulation model;http://eurovoc.europa.eu/6267;EUROVOC;92.1
donnÄes spatiales;donnÄes gÄospatiales;http://eurovoc.europa.eu/c_7a168de0;EUROVOC;91.9
Conseil agricole;conseiller agricole;http://eurovoc.europa.eu/131;EUROVOC;91.4
sustainable food;sustainable seafood;http://eurovoc.europa.eu/c_8702d5f7;EUROVOC;91.4
stations de sports d'hiver;station de sports d'hiver;concept/10911;GEMET;98.0
decision-support systems;decision-support system;concept/14893;GEMET;97.9
Climate change impacts;climate change impact;concept/15096;GEMET;97.7
climate change impacts;climate change impact;concept/15096;GEMET;97.7
Mediterranean forests;Mediterranean forest;concept/10695;GEMET;97.6
rotation des culture;rotation des cultures;concept/1875;GEMET;97.6
monitoring networks;monitoring network;concept/5350;GEMET;97.3
aerial photographs;aerial photograph;concept/135;GEMET;97.1
Social indicators;social indicator;concept/7798;GEMET;97.0
agromÄtÄorologie;agro-mÄtÄorologie;concept/241;GEMET;97.0
Urban Landscapes;urban landscape;concept/8824;GEMET;96.8
Eaux de surface;eau de surface;concept/8229;GEMET;96.6
Biological nitrogen-fixation;biological nitrogen fixation;concept/862;GEMET;96.4
Evaluation environnementale;Ävaluation environnementale;concept/2774;GEMET;96.3
Engrais verts;engrais vert;concept/3766;GEMET;96.0
coastal areas;coastal area;concept/1513;GEMET;96.0
Dilute acid;diluted acid;concept/2200;GEMET;95.7
P34 - Biologie du sol;biologie du sol;concept/7847;GEMET;95.0
F40 - ācologie vÄgÄtale;Äcologie vÄgÄtale;concept/8910;GEMET;95.0
K10 - Production forestiÅre;production forestiÅre;concept/3431;GEMET;95.0
L20 - ācologie animale;Äcologie animale;concept/420;GEMET;95.0
Nuclear reaction rates;nuclear reaction;concept/5741;GEMET;95.0
F04 - Fertilisation;fertilisation;concept/7861;GEMET;95.0
F07 - Travail du sol;travail du sol;concept/9373;GEMET;95.0
S50 - SantÄ humaine;santÄ humaine;concept/4051;GEMET;95.0
biogeographical;biogeographical region;concept/835;GEMET;95.0
european water framework directive;Water Framework Directive;concept/15330;GEMET;95.0
field system experiment;field experiment;concept/3178;GEMET;95.0
decision support;decision making support;concept/10986;GEMET;95.0
impact of climate change;climate change impact;concept/15096;GEMET;95.0
marine ecosystem model;marine ecosystem;concept/5031;GEMET;95.0
plan de dÄveloppement local;plan de dÄveloppement;concept/2160;GEMET;95.0
pollution agricole diffuse;pollution agricole;concept/216;GEMET;95.0
pollution et dÄgradation de l'environnement;dÄgradation de l'environnement;concept/13236;GEMET;95.0
recycling waste;waste recycling;concept/9107;GEMET;95.0
solid state NMR;solid state;concept/7919;GEMET;95.0
Cultures maraöchÅres;culture maraöchÅre;concept/8909;GEMET;94.7
facteurs d'Ämissions;facteur d'Ämission;concept/2667;GEMET;94.7
Personnes dÄplacÄes;personne dÄplacÄe;concept/2247;GEMET;94.4
Poissons migrateurs;poisson migrateur;concept/10305;GEMET;94.4
climate projection;climate protection;concept/1466;GEMET;94.4
eau usÄes urbaines;eau usÄe urbaine;concept/12284;GEMET;94.1
genebank;gene bank;concept/3613;GEMET;94.1
market-gardening;market gardening;concept/11178;GEMET;93.8
Risques naturels;risque naturel;concept/5506;GEMET;93.3
analyse de sol;analyse des sols;concept/7846;GEMET;93.3
Changement environnemental;management environnemental;concept/2877;GEMET;92.3
EspÅces;espÅce;concept/7982;GEMET;92.3
broiler;boiler;concept/953;GEMET;92.3
impacts;Impact;concept/15365;GEMET;92.3
wood (product);wood product;concept/9358;GEMET;92.3
Q - Sciences et technologie alimentaires;science et technologie alimentaire;concept/3384;GEMET;91.9
Supercritical fluids;supercritical fluid;;GOLDBOOK;97.4
temperature effects;temperature effect;;GOLDBOOK;97.3
Schottky barriers;Schottky barrier;;GOLDBOOK;97.0
characteristics;characteristic;;GOLDBOOK;96.6
polarization spectroscopy;polarisation spectroscopy;;GOLDBOOK;96.0
Contaminants;contaminant;;GOLDBOOK;95.7
contaminants;contaminant;;GOLDBOOK;95.7
Biodegradable copolymer;biodegradable polymer;;GOLDBOOK;95.5
Electrical conductance;electric conductance;;GOLDBOOK;95.2
electrical conductance;electric conductance;;GOLDBOOK;95.2
Analytical;analytical run;;GOLDBOOK;95.0
Mass extinction coefficient;extinction coefficient;;GOLDBOOK;95.0
Metabolite profiling assay;metabolite profiling;;GOLDBOOK;95.0
bond-dissociation energy (BDE);bond-dissociation energy;;GOLDBOOK;95.0
exploratory analysis;exploratory data analysis;;GOLDBOOK;95.0
Spatial resolution;useful spatial resolution;;GOLDBOOK;95.0
T2 relaxation;relaxation;;GOLDBOOK;95.0
TLS point cloud;cloud point;;GOLDBOOK;95.0
laser interferometer;interferometer;;GOLDBOOK;95.0
material characterization;material characterization study;;GOLDBOOK;95.0
minimal inhibitory concentration;inhibitory concentration;;GOLDBOOK;95.0
photon correlation spectroscopy;correlation spectroscopy;;GOLDBOOK;95.0
pre-processing;data pre-processing;;GOLDBOOK;95.0
semiconductor alloy;semiconductor;;GOLDBOOK;95.0
time domain NMR;time domain;;GOLDBOOK;95.0
Thin films;thin film;;GOLDBOOK;94.7
mesocosms;mesocosm;;GOLDBOOK;94.1
Monomers;monomer;;GOLDBOOK;93.3
Excitons;exciton;;GOLDBOOK;93.3
emission fluxes;emission flux;;GOLDBOOK;92.9
Charger;charge;;GOLDBOOK;92.3
Sensors;sensor;;GOLDBOOK;92.3
vectors;vector;;GOLDBOOK;92.3
Backscattering coefficient;back scatter coefficient;;GOLDBOOK;92.0
Recherche mÄdicalle translationnelle;Recherche mÄdicale translationnelle;http://mesh.inserm.fr/7418ba70-4820-4768-ae69-8e53b65ff28e;MESH;98.6
Disorder of Sex Development;Disorders of Sex Development;http://id.nlm.nih.gov/mesh/T749239;MESH;98.2
Exercise Rehabilitation;Exercise, Rehabilitation;http://id.nlm.nih.gov/mesh/T000900337;MESH;97.9
broncho-alveolar lavages;Bronchoalveolar Lavages;http://id.nlm.nih.gov/mesh/T056313;MESH;97.9
poly(hydroxyalkanoate)s;Poly(hydroxyalkanoate);http://id.nlm.nih.gov/mesh/T001118646;MESH;97.8
Arbuscular mycorrhiza;Arbuscular Mycorrhizae;http://id.nlm.nih.gov/mesh/T485747;MESH;97.7
deep eutectic solvent;Deep Eutectic Solvents;http://id.nlm.nih.gov/mesh/T001106763;MESH;97.7
Technique de culture;Techniques de culture;http://mesh.inserm.fr/6554f979-e27d-4a56-bcc1-3427f86cbfee;MESH;97.6
neural networks model;Neural Network Model;http://id.nlm.nih.gov/mesh/T049573;MESH;97.6
ÄpidÄmio-surveillance;āpidÄmiosurveillance;http://mesh.inserm.fr/f4706c34-1742-4b36-9ede-56e6471b58bf;MESH;97.6
management practice;Management, Practice;http://id.nlm.nih.gov/mesh/T060268;MESH;97.4
RNA spliced leader;RNA, Spliced Leader;http://id.nlm.nih.gov/mesh/T059696;MESH;97.3
Energy-dispersive x-ray spectroscopy;Energy Dispersive X-Ray Spectroscopy;http://id.nlm.nih.gov/mesh/T747245;MESH;97.2
SystÅmes dšInformation GÄographique;SystÅmes d'information gÄographique;http://mesh.inserm.fr/82586f8d-762c-45ed-a6f2-50abb5703dd0;MESH;97.1
Fouille de Textes;Fouille de texte;http://mesh.inserm.fr/af739218-b85f-4075-9dd4-a339e9605528;MESH;97.0
fouille de textes;Fouille de texte;http://mesh.inserm.fr/af739218-b85f-4075-9dd4-a339e9605528;MESH;97.0
Micrsocopie tunnel ł balayage;Microscopie tunnel ł balayage;http://mesh.inserm.fr/58893b8d-838e-43fa-920d-04062f86c71d;MESH;96.6
Epidemiological surveillance;Epidemiologic Surveillance;http://id.nlm.nih.gov/mesh/T798641;MESH;96.3
epidemiological surveillance;Epidemiologic Surveillance;http://id.nlm.nih.gov/mesh/T798641;MESH;96.3
Near Infrared Spectrometry;Near-Infrared Spectrometry;http://id.nlm.nih.gov/mesh/T057393;MESH;96.2
Observations;Observation;http://mesh.inserm.fr/906dbbae-b659-46a5-8cfd-809524e836f8;MESH;95.7
Simulations;Stimulations;http://mesh.inserm.fr/3a2326fc-c012-412f-b727-7810209de652;MESH;95.7
behavior classification;Behavior/classification;http://id.nlm.nih.gov/mesh/D001519Q000145;MESH;95.7
Wheat durum;Wheat, Durum;http://id.nlm.nih.gov/mesh/T660284;MESH;95.7
cycloalkyne;Cycloalkynes;http://id.nlm.nih.gov/mesh/T477841;MESH;95.7
incertitudes;Incertitude;http://mesh.inserm.fr/a6c75aed-39bb-4871-8c48-979ebf0ec56d;MESH;95.7
life-history strategies;Life History Strategies;http://id.nlm.nih.gov/mesh/T000897291;MESH;95.7
observations;Observation;http://mesh.inserm.fr/906dbbae-b659-46a5-8cfd-809524e836f8;MESH;95.7
3D imaging;3 D Imaging;http://id.nlm.nih.gov/mesh/T402147;MESH;95.2
Anthocyane;Anthocyanes;http://mesh.inserm.fr/e58ddb21-cbf5-4416-9bb6-1d97ecb21e41;MESH;95.2
Aspiration;Aspirations;http://mesh.inserm.fr/3fd493a3-2c72-4a8a-9434-c42377e59fd4;MESH;95.2
Orphelinat;Orphelinats;http://mesh.inserm.fr/a8a3aa81-e22a-4b88-8b24-2f41b014b612;MESH;95.2
Perceptions;Perception;http://mesh.inserm.fr/b05ab153-311e-4f4c-b4ce-28f9585f40d7;MESH;95.2
PolyphÄnol;PolyphÄnols;http://mesh.inserm.fr/50c24ec2-cb7f-47c9-ad77-69666860058b;MESH;95.2
Life-history strategy;Life History Strategy;http://id.nlm.nih.gov/mesh/T000897290;MESH;95.2
Low- and Middle-income countries;Low and Middle Income Countries;http://id.nlm.nih.gov/mesh/T001113875;MESH;95.2
Diagnostics;diagnostic;http://mesh.inserm.fr/184718fa-8e0c-474b-bc1c-91c1bf5677b1;MESH;95.2
collections;Collectins;http://id.nlm.nih.gov/mesh/T479163;MESH;95.2
ÄlÄment transposable;ālÄments transposables;http://mesh.inserm.fr/754eda7b-25ba-426b-97e8-da0d9d91da67;MESH;95.2
3-hydroxyvalerate content;3-hydroxyvalerate;http://id.nlm.nih.gov/mesh/T090508;MESH;95.0
Appel / DÄcision de justice;DÄcision de justice;http://mesh.inserm.fr/02dd0546-4b0a-4296-879f-69f917d42cbb;MESH;95.0
Organizational;Goal, Organizational;http://id.nlm.nih.gov/mesh/T029401;MESH;95.0
Plant distribution mapping;Plant Distribution;http://id.nlm.nih.gov/mesh/T818861;MESH;95.0
Q80 - Conditionnement;Conditionnement;http://mesh.inserm.fr/982c79c6-a3ab-4095-a9be-db2b0353035f;MESH;95.0
Genotype calling;Genotype Calling Method;http://id.nlm.nih.gov/mesh/T784736;MESH;95.0
H20 - Maladies des plantes;Maladies des plantes;http://mesh.inserm.fr/b111f017-086f-426b-bc7e-0c1e2b005d81;MESH;95.0
L73 - Maladies des animaux;Maladies des animaux;http://mesh.inserm.fr/6788be94-b519-438e-8171-38276a36508a;MESH;95.0
L73 Maladies des animaux;Maladies des animaux;http://mesh.inserm.fr/6788be94-b519-438e-8171-38276a36508a;MESH;95.0
M40 - ācologie aquatique;ācologie aquatique;http://mesh.inserm.fr/a25e03c5-37b8-49c1-b33d-a454342797d1;MESH;95.0
Mass spectrometry analysis;Mass Spectrometry Mass Spectrometry;http://id.nlm.nih.gov/mesh/T670225;MESH;95.0
Microtomographie;Microtomographie X;http://mesh.inserm.fr/9eaeb964-c34f-4f30-9ccb-1cb8116c6d54;MESH;95.0
Neural netwoks model;Neural Network Model;http://id.nlm.nih.gov/mesh/T049573;MESH;95.0
Nutrition et alimentation;Alimentation et nutrition;http://mesh.inserm.fr/d7f2451a-f30d-4201-944d-3471b3e45fff;MESH;95.0
EpidÄmiosurveillance;āpidÄmiosurveillance;http://mesh.inserm.fr/f4706c34-1742-4b36-9ede-56e6471b58bf;MESH;95.0
S01 : habitudes alimentaires;Habitudes alimentaires;http://mesh.inserm.fr/3dddc53c-f025-44f3-a62f-2bb256fc7fbe;MESH;95.0
SecuritÄ alimentaire;SÄcuritÄ alimentaire;http://mesh.inserm.fr/6e827b33-78d9-4578-a6a8-15a14ac56f82;MESH;95.0
Single-Stranded;DNA, Single-Stranded;http://id.nlm.nih.gov/mesh/T013012;MESH;95.0
Sixth mass extinction;Mass Extinction;http://id.nlm.nih.gov/mesh/T663461;MESH;95.0
collecte de donnÄes terrain;Collecte de donnÄes;http://mesh.inserm.fr/54093559-dc0f-42a5-a728-7e56e9b003b0;MESH;95.0
X-ray scan;X-Ray CAT Scan;http://id.nlm.nih.gov/mesh/T041248;MESH;95.0
analyse des politiques publiques;Analyse des politiques;http://mesh.inserm.fr/376127de-31d4-460d-9118-bd0c63f912a0;MESH;95.0
espÅce animale envahissante;EspÅce envahissante;http://mesh.inserm.fr/080e1683-2a0c-49d9-983a-63dd8633ca98;MESH;95.0
Unmanned Aerial Vehicle (UAV);Unmanned Aerial Vehicle;http://id.nlm.nih.gov/mesh/T001108544;MESH;95.0
dsRNA;W dsRNA;http://id.nlm.nih.gov/mesh/T232911;MESH;95.0
gene regulatory network inference;Gene Regulatory Network;http://id.nlm.nih.gov/mesh/T660442;MESH;95.0
imagerie par rÄsonance magnÄtique nuclÄaire;RÄsonance magnÄtique nuclÄaire;http://mesh.inserm.fr/45d0a8fe-34c8-469c-9f6b-dfd6c0c0e52e;MESH;95.0
microbial composition;Microbial Community Composition;http://id.nlm.nih.gov/mesh/T000939883;MESH;95.0
microtomographie;Microtomographie X;http://mesh.inserm.fr/9eaeb964-c34f-4f30-9ccb-1cb8116c6d54;MESH;95.0
signal processing;Digital Signal Processing;http://id.nlm.nih.gov/mesh/T037793;MESH;95.0
Annotation gÄnomique;Annotation gÄnique;http://mesh.inserm.fr/a61b5ba2-5c98-4f67-b93d-91a8c55e18c3;MESH;94.7
Nitrogen deficiency;Nitrogen/deficiency;http://id.nlm.nih.gov/mesh/D009584Q000172;MESH;94.7
annotation gÄnomique;Annotation gÄnique;http://mesh.inserm.fr/a61b5ba2-5c98-4f67-b93d-91a8c55e18c3;MESH;94.7
Sulfoxyde;Sulfoxydes;http://mesh.inserm.fr/34ad9afb-f58d-4c31-8c7e-386452397e94;MESH;94.7
moustique;Moustiques;http://mesh.inserm.fr/e00a4d1c-54a0-4d2f-a07f-a603594212ad;MESH;94.7
ālectrode;ālectrodes;http://mesh.inserm.fr/638d795d-e770-414d-8dd9-54a79d312e91;MESH;94.7
Ätude prospective;ātudes prospectives;http://mesh.inserm.fr/9e2857e2-b9a8-45ca-b177-965e2ec75377;MESH;94.4
MALDI-MSI;MALDI-MS;http://id.nlm.nih.gov/mesh/T461420;MESH;94.1
anomalie;anomalies;http://id.nlm.nih.gov/mesh/T060544;MESH;94.1
culture agricole;Cultures agricoles;http://mesh.inserm.fr/d8bd9199-dcdd-4e8c-8c7d-18941886ce29;MESH;94.1
gliadines;Gliadine;http://mesh.inserm.fr/4d391518-34fd-4cdf-a9f8-8035a71b24e9;MESH;94.1
breeding history;Breeding/history;http://id.nlm.nih.gov/mesh/D001947Q000266;MESH;93.8
Grizzly;Grizzlys;http://mesh.inserm.fr/61ff8bf3-3327-4449-82f8-45653ac3ca29;MESH;93.3
barcode;Bar Code;http://id.nlm.nih.gov/mesh/T003918;MESH;93.3
Statute;statutes;http://id.nlm.nih.gov/mesh/T060937;MESH;93.3
classification method;Classification/methods;http://id.nlm.nih.gov/mesh/D002965Q000379;MESH;93.0
image hyperspectrale;Imagerie hyperspectrale;http://mesh.inserm.fr/89ef740f-31fd-4293-b4ca-8aa35016f4f9;MESH;93.0
Wine economics;Wine/economics;http://id.nlm.nih.gov/mesh/D014920Q000191;MESH;92.9
Agent-based models;Agent-Based Modelings;http://id.nlm.nih.gov/mesh/T000871593;MESH;92.3
AquiFR;Aquifer;http://id.nlm.nih.gov/mesh/T825391;MESH;92.3
MetagÄnomique;MÄtagÄnomique;http://mesh.inserm.fr/b44141fb-fc3c-439a-8c63-30c71af72c7b;MESH;92.3
EpidÄmiologie;ÄpidÄmiologie;http://mesh.inserm.fr/7006e806-eb6f-4a24-b841-4e1bbb9cd53e;MESH;92.3
agent-based models;Agent-Based Modelings;http://id.nlm.nih.gov/mesh/T000871593;MESH;92.3
filling;Filing;http://id.nlm.nih.gov/mesh/T016378;MESH;92.3
literature reviews;Review Literature;http://id.nlm.nih.gov/mesh/T700799;MESH;92.3
litterature review;Review Literature;http://id.nlm.nih.gov/mesh/T700799;MESH;92.3
Agent Based Model;Agent Based Modeling;http://id.nlm.nih.gov/mesh/T000871593;MESH;91.9
Agent-based model;Agent-Based Modeling;http://id.nlm.nih.gov/mesh/T000871593;MESH;91.9
halogen metabolism;Halogens/metabolism;http://id.nlm.nih.gov/mesh/D006219Q000378;MESH;91.9
chloroplastic;Chloroplast;http://id.nlm.nih.gov/mesh/T535551;MESH;91.7
magnetometer;Magnetometry;http://id.nlm.nih.gov/mesh/T024702;MESH;91.7
meta-analyse;MÄta-analyse;http://mesh.inserm.fr/c488655f-1c02-4251-8c52-c50d53a87dbf;MESH;91.7
plant powder;Plant, Power;http://id.nlm.nih.gov/mesh/T033022;MESH;91.7
near-infrared spectrophotometry;Infrared Spectrophotometry;http://id.nlm.nih.gov/mesh/T038471;MESH;91.2
agricultural management practice;agricultural management practices;https://lod.nal.usda.gov/nalt/5408;NALT;98.5
genetic resources conservation;genetic resource conservation;https://lod.nal.usda.gov/nalt/17325;NALT;98.3
Atmosphere-soil interaction;atmosphere-soil interactions;https://lod.nal.usda.gov/nalt/13649;NALT;98.2
Microbial electrolysis cell;microbial electrolysis cells;https://lod.nal.usda.gov/nalt/301516;NALT;98.2
internal transcribed spacer;internal transcribed spacers;https://lod.nal.usda.gov/nalt/47527;NALT;98.2
microbial electrolysis cell;microbial electrolysis cells;https://lod.nal.usda.gov/nalt/301516;NALT;98.2
Bioelectrochemical systems;bio-electrochemical systems;https://lod.nal.usda.gov/nalt/135579;NALT;98.1
Non-Timber Forest Product;non-timber forest products;https://lod.nal.usda.gov/nalt/7415;NALT;98.0
agricultural mecanisation;agricultural mechanisation;https://lod.nal.usda.gov/nalt/310118;NALT;98.0
dissolved organic carbone;dissolved organic carbon;https://lod.nal.usda.gov/nalt/34079;NALT;98.0
Geographical Indication;geographical indications;https://lod.nal.usda.gov/nalt/198483;NALT;97.9
decision support system;decision support systems;https://lod.nal.usda.gov/nalt/31914;NALT;97.9
digital elevation model;digital elevation models;https://lod.nal.usda.gov/nalt/33582;NALT;97.9
Plant genetic resource;plant genetic resources;https://lod.nal.usda.gov/nalt/42651;NALT;97.8
food composition table;food composition tables;https://lod.nal.usda.gov/nalt/31788;NALT;97.8
fructo-oligosaccharide;fructo-oligosaccharides;https://lod.nal.usda.gov/nalt/41641;NALT;97.8
non destructive testing;nondestructive testing;https://lod.nal.usda.gov/nalt/51646;NALT;97.8
fructooligosacharides;fructooligosaccharides;https://lod.nal.usda.gov/nalt/41641;NALT;97.7
total suspended solid;total suspended solids;https://lod.nal.usda.gov/nalt/46308;NALT;97.7
Germplasm collection;germplasm collections;https://lod.nal.usda.gov/nalt/17325;NALT;97.6
Lecanicilium lecanii;Lecanicillium lecanii;https://lod.nal.usda.gov/nalt/131677;NALT;97.6
Long term experiment;long term experiments;https://lod.nal.usda.gov/nalt/50566;NALT;97.6
behavioural responses;behavioural response;https://lod.nal.usda.gov/nalt/1754;NALT;97.6
source-sink relation;source-sink relations;https://lod.nal.usda.gov/nalt/58611;NALT;97.6
Permanent grassland;permanent grasslands;https://lod.nal.usda.gov/nalt/43757;NALT;97.4
Production economic;production economics;https://lod.nal.usda.gov/nalt/5306;NALT;97.4
Hyperspectral images;hyperspectral image;https://lod.nal.usda.gov/nalt/46606;NALT;97.4
hyperspectral images;hyperspectral image;https://lod.nal.usda.gov/nalt/46606;NALT;97.4
intermittent stream;intermittent streams;https://lod.nal.usda.gov/nalt/37533;NALT;97.4
nitrogen fertilizer;nitrogen fertilizers;https://lod.nal.usda.gov/nalt/7966;NALT;97.4
permanent grassland;permanent grasslands;https://lod.nal.usda.gov/nalt/43757;NALT;97.4
photovoltaic system;photovoltaic systems;https://lod.nal.usda.gov/nalt/148631;NALT;97.4
Neotropical region;neotropical regions;https://lod.nal.usda.gov/nalt/203685;NALT;97.3
business incubator;business incubators;https://lod.nal.usda.gov/nalt/20574;NALT;97.3
artificial wetland;artificial wetlands;https://lod.nal.usda.gov/nalt/12628;NALT;97.3
Temporal variations;temporal variation;https://lod.nal.usda.gov/nalt/978;NALT;97.3
demonstration farm;demonstration farms;https://lod.nal.usda.gov/nalt/5315;NALT;97.3
hydrological model;hydrological models;https://lod.nal.usda.gov/nalt/5214;NALT;97.3
packaging material;packaging materials;https://lod.nal.usda.gov/nalt/625;NALT;97.3
root-knot nematode;root-knot nematodes;https://lod.nal.usda.gov/nalt/52055;NALT;97.3
soil water  content;soil water content;https://lod.nal.usda.gov/nalt/21959;NALT;97.3
Genetic ressources;genetic resources;https://lod.nal.usda.gov/nalt/9219;NALT;97.1
Mechanistic model;mechanistic models;https://lod.nal.usda.gov/nalt/51655;NALT;97.1
dietary behaviours;dietary behaviour;https://lod.nal.usda.gov/nalt/221511;NALT;97.1
light requirements;light requirement;https://lod.nal.usda.gov/nalt/50038;NALT;97.1
phenolic compound;phenolic compounds;https://lod.nal.usda.gov/nalt/2509;NALT;97.1
soilborne disease;soilborne diseases;https://lod.nal.usda.gov/nalt/58570;NALT;97.1
systematic reviews;systematic review;https://lod.nal.usda.gov/nalt/138090;NALT;97.1
Genetc diversity;genetic diversity;https://lod.nal.usda.gov/nalt/10351;NALT;97.0
Household survey;household surveys;https://lod.nal.usda.gov/nalt/30852;NALT;97.0
breeding habitat;breeding habitats;https://lod.nal.usda.gov/nalt/105034;NALT;97.0
Traditional food;traditional foods;https://lod.nal.usda.gov/nalt/488;NALT;97.0
genotype x environment interaction;genotype environment interaction;https://lod.nal.usda.gov/nalt/37429;NALT;97.0
semi-hard cheese;semi-hard cheeses;https://lod.nal.usda.gov/nalt/24540;NALT;97.0
broiler chicken;broiler chickens;https://lod.nal.usda.gov/nalt/19923;NALT;96.8
ambrosia beetle;ambrosia beetles;https://lod.nal.usda.gov/nalt/7488;NALT;96.8
diet preference;diet preferences;https://lod.nal.usda.gov/nalt/14245;NALT;96.8
instrumentations;instrumentation;https://lod.nal.usda.gov/nalt/37142;NALT;96.8
pastoral systems;pastoral system;https://lod.nal.usda.gov/nalt/45310;NALT;96.8
pedunculate oak;pedunculated oak;https://lod.nal.usda.gov/nalt/37168;NALT;96.8
water ressources;water resources;https://lod.nal.usda.gov/nalt/11570;NALT;96.8
weather station;weather stations;https://lod.nal.usda.gov/nalt/52296;NALT;96.8
regional survey;regional surveys;https://lod.nal.usda.gov/nalt/305545;NALT;96.8
resistance gene;resistance genes;https://lod.nal.usda.gov/nalt/298919;NALT;96.8
riparian forest;riparian forests;https://lod.nal.usda.gov/nalt/41243;NALT;96.8
vernacular name;vernacular names;https://lod.nal.usda.gov/nalt/105088;NALT;96.8
Pest of plants;pests of plants;https://lod.nal.usda.gov/nalt/17605;NALT;96.6
bakery product;bakery products;https://lod.nal.usda.gov/nalt/15551;NALT;96.6
aroma compound;aroma compounds;https://lod.nal.usda.gov/nalt/240;NALT;96.6
pest of plants;pests of plants;https://lod.nal.usda.gov/nalt/17605;NALT;96.6
socio-economic;socio-economics;https://lod.nal.usda.gov/nalt/137831;NALT;96.6
soil nutriments;soil nutrients;https://lod.nal.usda.gov/nalt/38806;NALT;96.6
stable isotope;stable isotopes;https://lod.nal.usda.gov/nalt/47905;NALT;96.6
Accelerometer;accelerometers;https://lod.nal.usda.gov/nalt/297760;NALT;96.3
Mixed cultures;mixed culture;https://lod.nal.usda.gov/nalt/47055;NALT;96.3
Desert locusts;desert locust;https://lod.nal.usda.gov/nalt/62552;NALT;96.3
Soil functions;soil function;https://lod.nal.usda.gov/nalt/335251;NALT;96.3
accelerometer;accelerometers;https://lod.nal.usda.gov/nalt/297760;NALT;96.3
Tropical crop;tropical crops;https://lod.nal.usda.gov/nalt/30195;NALT;96.3
cyst nematode;cyst nematodes;https://lod.nal.usda.gov/nalt/31320;NALT;96.3
dynamic model;dynamic models;https://lod.nal.usda.gov/nalt/34989;NALT;96.3
precision libestock farming;precision livestock farming;https://lod.nal.usda.gov/nalt/39543;NALT;96.3
soil functions;soil function;https://lod.nal.usda.gov/nalt/335251;NALT;96.3
soil nutrient;soil nutrients;https://lod.nal.usda.gov/nalt/38806;NALT;96.3
soils analysis;soil analysis;https://lod.nal.usda.gov/nalt/179;NALT;96.3
sweet potatoe;sweet potatoes;https://lod.nal.usda.gov/nalt/47647;NALT;96.3
tropical crop;tropical crops;https://lod.nal.usda.gov/nalt/30195;NALT;96.3
Agro-forestry;agroforestry;https://lod.nal.usda.gov/nalt/5256;NALT;96.0
Plant tissue;plant tissues;https://lod.nal.usda.gov/nalt/15840;NALT;96.0
Plant-pathogenic bacteria;plant pathogenic bacteria;https://lod.nal.usda.gov/nalt/15086;NALT;96.0
Field margin;field margins;https://lod.nal.usda.gov/nalt/69300;NALT;96.0
Greenhouse gases emissions;greenhouse gas emissions;https://lod.nal.usda.gov/nalt/137757;NALT;96.0
Eschscholtzia;Eschscholzia;https://lod.nal.usda.gov/nalt/38140;NALT;96.0
biocomposite;biocomposites;https://lod.nal.usda.gov/nalt/206412;NALT;96.0
cheese-making;cheesemaking;https://lod.nal.usda.gov/nalt/24505;NALT;96.0
food product;food products;https://lod.nal.usda.gov/nalt/408;NALT;96.0
Suction trap;suction traps;https://lod.nal.usda.gov/nalt/47415;NALT;96.0
Sweet orange;sweet oranges;https://lod.nal.usda.gov/nalt/26518;NALT;96.0
Trandescantia;Tradescantia;https://lod.nal.usda.gov/nalt/28121;NALT;96.0
grain legume;grain legumes;https://lod.nal.usda.gov/nalt/16205;NALT;96.0
growth model;growth models;https://lod.nal.usda.gov/nalt/30135;NALT;96.0
lateral root;lateral roots;https://lod.nal.usda.gov/nalt/334527;NALT;96.0
wind turbine;wind turbines;https://lod.nal.usda.gov/nalt/233533;NALT;96.0
plant-parasitic nematodes;plant parasitic nematodes;https://lod.nal.usda.gov/nalt/8933;NALT;96.0
soil horizon;soil horizons;https://lod.nal.usda.gov/nalt/1558;NALT;96.0
vermicompost;vermicomposts;https://lod.nal.usda.gov/nalt/28388;NALT;96.0
cation-exchange capacity;cation exchange capacity;https://lod.nal.usda.gov/nalt/23045;NALT;95.8
fatty-acid methyl esters;fatty acid methyl esters;https://lod.nal.usda.gov/nalt/219843;NALT;95.8
Annual crop;annual crops;https://lod.nal.usda.gov/nalt/9711;NALT;95.7
Farm survey;farm surveys;https://lod.nal.usda.gov/nalt/39518;NALT;95.7
Insect pest;insect pests;https://lod.nal.usda.gov/nalt/9355;NALT;95.7
Dendrometer;dendrometers;https://lod.nal.usda.gov/nalt/32311;NALT;95.7
bark beetle;bark beetles;https://lod.nal.usda.gov/nalt/15842;NALT;95.7
bread making;breadmaking;https://lod.nal.usda.gov/nalt/15574;NALT;95.7
arable soil;arable soils;https://lod.nal.usda.gov/nalt/11657;NALT;95.7
arid climat;arid climate;https://lod.nal.usda.gov/nalt/12160;NALT;95.7
food choice;food choices;https://lod.nal.usda.gov/nalt/14245;NALT;95.7
forest edge;forest edges;https://lod.nal.usda.gov/nalt/69300;NALT;95.7
forest soil;forest soils;https://lod.nal.usda.gov/nalt/35691;NALT;95.7
forest tree;forest trees;https://lod.nal.usda.gov/nalt/41131;NALT;95.7
cover plant;cover plants;https://lod.nal.usda.gov/nalt/28613;NALT;95.7
hand weeding;handweeding;https://lod.nal.usda.gov/nalt/44545;NALT;95.7
insect pest;insect pests;https://lod.nal.usda.gov/nalt/9355;NALT;95.7
mating type;mating types;https://lod.nal.usda.gov/nalt/213507;NALT;95.7
nitrogen-use efficiency;nitrogen use efficiency;https://lod.nal.usda.gov/nalt/54892;NALT;95.7
wind tunnel;wind tunnels;https://lod.nal.usda.gov/nalt/61101;NALT;95.7
plastic bag;plastic bags;https://lod.nal.usda.gov/nalt/199549;NALT;95.7
stakeholder;stakeholders;https://lod.nal.usda.gov/nalt/137842;NALT;95.7
trace metal;trace metals;https://lod.nal.usda.gov/nalt/12372;NALT;95.7
Genotype-by-environment interaction;genotype-environment interaction;https://lod.nal.usda.gov/nalt/37429;NALT;95.5
genotype-by-environment interaction;genotype-environment interaction;https://lod.nal.usda.gov/nalt/37429;NALT;95.5
ultraviolet irradiation;ultraviolet radiation;https://lod.nal.usda.gov/nalt/36204;NALT;95.5
Cover crop;cover crops;https://lod.nal.usda.gov/nalt/28616;NALT;95.2
Polihydroxyalkanoates;polyhydroxyalkanoates;https://lod.nal.usda.gov/nalt/59131;NALT;95.2
Post-larvae;postlarvae;https://lod.nal.usda.gov/nalt/189989;NALT;95.2
Formicideae;Formicidae;https://lod.nal.usda.gov/nalt/3111;NALT;95.2
Greenhouse;greenhouses;https://lod.nal.usda.gov/nalt/5487;NALT;95.2
Host Plant;host plants;https://lod.nal.usda.gov/nalt/40972;NALT;95.2
Livelihoods;livelihood;https://lod.nal.usda.gov/nalt/130669;NALT;95.2
Sandy soil;sandy soils;https://lod.nal.usda.gov/nalt/62360;NALT;95.2
cover crop;cover crops;https://lod.nal.usda.gov/nalt/28616;NALT;95.2
crop model;crop models;https://lod.nal.usda.gov/nalt/15;NALT;95.2
greenhouse;greenhouses;https://lod.nal.usda.gov/nalt/5487;NALT;95.2
host plant;host plants;https://lod.nal.usda.gov/nalt/40972;NALT;95.2
osmolalilty;osmolality;https://lod.nal.usda.gov/nalt/106004;NALT;95.2
phosphorous;phosphorus;https://lod.nal.usda.gov/nalt/33436;NALT;95.2
wine grape;wine grapes;https://lod.nal.usda.gov/nalt/43689;NALT;95.2
rain gauge;rain gauges;https://lod.nal.usda.gov/nalt/42462;NALT;95.2
rizosphere;rhizosphere;https://lod.nal.usda.gov/nalt/52688;NALT;95.2
smarphones;smartphones;https://lod.nal.usda.gov/nalt/304814;NALT;95.2
species introduction;species reintroduction;https://lod.nal.usda.gov/nalt/63739;NALT;95.2
urban soil;urban soils;https://lod.nal.usda.gov/nalt/10106;NALT;95.2
Bipolaris spp;Bipolaris;https://lod.nal.usda.gov/nalt/17562;NALT;95.0
Brassica napus L.;Brassica napus;https://lod.nal.usda.gov/nalt/19319;NALT;95.0
Bukhara Red Deer;Bukhara deer;https://lod.nal.usda.gov/nalt/263383;NALT;95.0
Canarium schweinfurthii Engl.;Canarium schweinfurthii;https://lod.nal.usda.gov/nalt/270265;NALT;95.0
Capsicum annuum L.;Capsicum annuum;https://lod.nal.usda.gov/nalt/22071;NALT;95.0
11.01 RESEARCH METHODS;research methods;https://lod.nal.usda.gov/nalt/9146;NALT;95.0
A50 Agricultural research;agricultural research;https://lod.nal.usda.gov/nalt/5456;NALT;95.0
Oryza sativa L.;Oryza sativa;https://lod.nal.usda.gov/nalt/56277;NALT;95.0
Pediococcus spp;Pediococcus;https://lod.nal.usda.gov/nalt/48749;NALT;95.0
Puccinia striiformis f. sp. tritici;Puccinia striiformis f. tritici;https://lod.nal.usda.gov/nalt/212254;NALT;95.0
F07 Soil Cultivation;soil cultivation;https://lod.nal.usda.gov/nalt/25207;NALT;95.0
F1 hybrids;hybrids;https://lod.nal.usda.gov/nalt/30999;NALT;95.0
Flax fibre;fibre flax;https://lod.nal.usda.gov/nalt/40523;NALT;95.0
Global mineral resources;mineral resources;https://lod.nal.usda.gov/nalt/53076;NALT;95.0
Ground penetrating radar systems;ground penetrating radar;https://lod.nal.usda.gov/nalt/43908;NALT;95.0
H10 - Pests of plants;pests of plants;https://lod.nal.usda.gov/nalt/17605;NALT;95.0
H10 Pests of plants;pests of plants;https://lod.nal.usda.gov/nalt/17605;NALT;95.0
H60 Weed control;weed control;https://lod.nal.usda.gov/nalt/293;NALT;95.0
H60 weed control;weed control;https://lod.nal.usda.gov/nalt/293;NALT;95.0
Hyperspectral;hyperspectral image;https://lod.nal.usda.gov/nalt/46606;NALT;95.0
Ingredients list;ingredients;https://lod.nal.usda.gov/nalt/3928;NALT;95.0
L72 Pests of animals;pests of animals;https://lod.nal.usda.gov/nalt/9233;NALT;95.0
Land management change;land management;https://lod.nal.usda.gov/nalt/39546;NALT;95.0
Life Cycle Assessment (LCA);life cycle assessment;https://lod.nal.usda.gov/nalt/135257;NALT;95.0
Life cycle inventory (LCI);life cycle inventory;https://lod.nal.usda.gov/nalt/136594;NALT;95.0
Linkage disequilibrium map;linkage disequilibrium;https://lod.nal.usda.gov/nalt/50235;NALT;95.0
MAT mathematics and statistics;mathematics and statistics;https://lod.nal.usda.gov/nalt/6369;NALT;95.0
Malus x domestica;Malus domestica;https://lod.nal.usda.gov/nalt/11312;NALT;95.0
Metabarcoding;DNA metabarcoding;https://lod.nal.usda.gov/nalt/192232;NALT;95.0
Metabolomic profiling;metabolic profiling;https://lod.nal.usda.gov/nalt/17412;NALT;95.0
Near-mid infrared spectroscopy;infrared spectroscopy;https://lod.nal.usda.gov/nalt/39469;NALT;95.0
Dreissena sp.;Dreissena;https://lod.nal.usda.gov/nalt/34517;NALT;95.0
EAR meteorology and climatology;meteorology and climatology;https://lod.nal.usda.gov/nalt/2716;NALT;95.0
Egg Parasitoids;parasitoids;https://lod.nal.usda.gov/nalt/17434;NALT;95.0
Republic of Congo;Republic of the Congo;https://lod.nal.usda.gov/nalt/23665;NALT;95.0
Rice Yellow Mottle Virus (RYMV);Rice yellow mottle virus;https://lod.nal.usda.gov/nalt/61530;NALT;95.0
Rice Yellow Mottle virus (RYMV);Rice yellow mottle virus;https://lod.nal.usda.gov/nalt/61530;NALT;95.0
SSH culture and humanities;culture and humanities;https://lod.nal.usda.gov/nalt/2172;NALT;95.0
Scanning electronic microscopy SEM;scanning electronic microscopy;https://lod.nal.usda.gov/nalt/36213;NALT;95.0
Soil Suitability Map;soil suitability;https://lod.nal.usda.gov/nalt/63434;NALT;95.0
baking quality score;baking quality;https://lod.nal.usda.gov/nalt/15575;NALT;95.0
carbon sequestration cost;carbon sequestration;https://lod.nal.usda.gov/nalt/17382;NALT;95.0
cell-wall components;cell wall components;https://lod.nal.usda.gov/nalt/23359;NALT;95.0
Web databases;databases;https://lod.nal.usda.gov/nalt/31783;NALT;95.0
acid resistance genes;acid resistance;https://lod.nal.usda.gov/nalt/135;NALT;95.0
active packaging materials;packaging materials;https://lod.nal.usda.gov/nalt/625;NALT;95.0
environmental assessment tool;environmental assessment;https://lod.nal.usda.gov/nalt/10089;NALT;95.0
feeding sheep;sheep feeding;https://lod.nal.usda.gov/nalt/38844;NALT;95.0
fishery management unit;fishery management;https://lod.nal.usda.gov/nalt/105046;NALT;95.0
fried sweet potatoes;sweet potatoes;https://lod.nal.usda.gov/nalt/47647;NALT;95.0
fruit development stage;fruit development;https://lod.nal.usda.gov/nalt/7130;NALT;95.0
Species distribution model;species distribution;https://lod.nal.usda.gov/nalt/17394;NALT;95.0
Thermal energy data;thermal energy;https://lod.nal.usda.gov/nalt/305882;NALT;95.0
Triticum aestivum L.;Triticum aestivum;https://lod.nal.usda.gov/nalt/66457;NALT;95.0
dissolved organic carbon (DOC);dissolved organic carbon;https://lod.nal.usda.gov/nalt/34079;NALT;95.0
grape berry;grape berry moth;https://lod.nal.usda.gov/nalt/37059;NALT;95.0
invasive animal species;invasive species;https://lod.nal.usda.gov/nalt/28000;NALT;95.0
irrigation de surface;surface irrigation;https://lod.nal.usda.gov/nalt/47783;NALT;95.0
land use and management;land use management;https://lod.nal.usda.gov/nalt/49161;NALT;95.0
life cycle analysis;life cycle impact analysis;https://lod.nal.usda.gov/nalt/136886;NALT;95.0
livestock farming system;livestock farming;https://lod.nal.usda.gov/nalt/302267;NALT;95.0
mass transfer model;mass transfer;https://lod.nal.usda.gov/nalt/40687;NALT;95.0
metabarcoding;DNA metabarcoding;https://lod.nal.usda.gov/nalt/192232;NALT;95.0
metabolomic profiling;metabolic profiling;https://lod.nal.usda.gov/nalt/17412;NALT;95.0
microbial growth rate;microbial growth;https://lod.nal.usda.gov/nalt/44016;NALT;95.0
microbial growth yield;microbial growth;https://lod.nal.usda.gov/nalt/44016;NALT;95.0
natural intraspecific variation;intraspecific variation;https://lod.nal.usda.gov/nalt/217170;NALT;95.0
near-infrared spectroscopy NIRS;near-infrared spectroscopy;https://lod.nal.usda.gov/nalt/47265;NALT;95.0
occupational safety and health;occupational health and safety;https://lod.nal.usda.gov/nalt/2148;NALT;95.0
organic agriculture label;organic agriculture;https://lod.nal.usda.gov/nalt/7144;NALT;95.0
organic carbon (TOC);organic carbon;https://lod.nal.usda.gov/nalt/302968;NALT;95.0
organic volatile compounds;volatile organic compounds;https://lod.nal.usda.gov/nalt/56088;NALT;95.0
phosphorus (P);phosphorus;https://lod.nal.usda.gov/nalt/33436;NALT;95.0
water-use efficiency;water use efficiency;https://lod.nal.usda.gov/nalt/58615;NALT;95.0
plant development stage;plant development;https://lod.nal.usda.gov/nalt/1790;NALT;95.0
plant growth form;plant growth;https://lod.nal.usda.gov/nalt/20266;NALT;95.0
plant growth-promoting rhizobacteria (PGPR);plant growth-promoting rhizobacteria;https://lod.nal.usda.gov/nalt/57623;NALT;95.0
postharvest quality traits;postharvest quality;https://lod.nal.usda.gov/nalt/32790;NALT;95.0
potassium (K);potassium;https://lod.nal.usda.gov/nalt/6405;NALT;95.0
species distribution models;species distribution;https://lod.nal.usda.gov/nalt/17394;NALT;95.0
stable carbon isotopes;carbon isotopes;https://lod.nal.usda.gov/nalt/323722;NALT;95.0
storage protein composition;protein composition;https://lod.nal.usda.gov/nalt/7747;NALT;95.0
total organic carbon (TOC);total organic carbon;https://lod.nal.usda.gov/nalt/325123;NALT;95.0
total phosphorus (P2O5);total phosphorus;https://lod.nal.usda.gov/nalt/325170;NALT;95.0
total suspended sediment;suspended sediment;https://lod.nal.usda.gov/nalt/225122;NALT;95.0
tropical forest conservation;forest conservation;https://lod.nal.usda.gov/nalt/301340;NALT;95.0
Dairy cooperavatives;dairy cooperatives;https://lod.nal.usda.gov/nalt/28930;NALT;94.7
Rice husk;rice husks;https://lod.nal.usda.gov/nalt/46055;NALT;94.7
Rootstock;rootstocks;https://lod.nal.usda.gov/nalt/43597;NALT;94.7
ferralsol;Ferralsols;https://lod.nal.usda.gov/nalt/216348;NALT;94.7
consumer-acceptance;consumer acceptance;https://lod.nal.usda.gov/nalt/28651;NALT;94.7
crop pest;crop pests;https://lod.nal.usda.gov/nalt/17605;NALT;94.7
digestats;digestants;https://lod.nal.usda.gov/nalt/9862;NALT;94.7
leaf spots;leaf spot;https://lod.nal.usda.gov/nalt/49434;NALT;94.7
rare-earth elements;rare earth elements;https://lod.nal.usda.gov/nalt/24072;NALT;94.7
rootstock;rootstocks;https://lod.nal.usda.gov/nalt/43597;NALT;94.7
tree ring;tree rings;https://lod.nal.usda.gov/nalt/32283;NALT;94.7
Smallholder farmers;smallholder farms;https://lod.nal.usda.gov/nalt/39551;NALT;94.4
Spectrofluorimetry;spectrofluorometry;https://lod.nal.usda.gov/nalt/40703;NALT;94.4
MODIS > Moderate-Resolution Imaging Spectroradiometer;MODIS (moderate resolution imaging spectroradiometer);https://lod.nal.usda.gov/nalt/136590;NALT;94.3
Mucilage;mucilages;https://lod.nal.usda.gov/nalt/53574;NALT;94.1
cultivar;cultivars;https://lod.nal.usda.gov/nalt/5630;NALT;94.1
ideotype;ideotypes;https://lod.nal.usda.gov/nalt/46860;NALT;94.1
mucilage;mucilages;https://lod.nal.usda.gov/nalt/53574;NALT;94.1
oil palms;oil palm;https://lod.nal.usda.gov/nalt/36089;NALT;94.1
African buffaloes;African buffalo;https://lod.nal.usda.gov/nalt/4852;NALT;93.8
freshwater fishes;freshwater fish;https://lod.nal.usda.gov/nalt/40298;NALT;93.8
leaf developemnt;leaf development;https://lod.nal.usda.gov/nalt/32881;NALT;93.8
oxydative stress;oxidative stress;https://lod.nal.usda.gov/nalt/764;NALT;93.8
food packaging material;food-packaging materials;https://lod.nal.usda.gov/nalt/312078;NALT;93.6
Colombus;Colobus;https://lod.nal.usda.gov/nalt/23986;NALT;93.3
Acerola;acerolas;https://lod.nal.usda.gov/nalt/131668;NALT;93.3
African trypanosomosis;African trypanosomiasis;https://lod.nal.usda.gov/nalt/4893;NALT;93.3
Animal deseases;animal diseases;https://lod.nal.usda.gov/nalt/324;NALT;93.3
aroma coumpound;aroma compounds;https://lod.nal.usda.gov/nalt/240;NALT;93.3
fishway;fishways;https://lod.nal.usda.gov/nalt/190511;NALT;93.3
land-use;landuse;https://lod.nal.usda.gov/nalt/1581;NALT;93.3
seedbed;seedbeds;https://lod.nal.usda.gov/nalt/30148;NALT;93.3
Flowering data;flowering date;https://lod.nal.usda.gov/nalt/301315;NALT;92.9
carbon dioxyde;carbon dioxide;https://lod.nal.usda.gov/nalt/17007;NALT;92.9
water sources;water resources;https://lod.nal.usda.gov/nalt/11570;NALT;92.9
biophysical properties;physical properties;https://lod.nal.usda.gov/nalt/1796;NALT;92.7
environmental equity;environmental quality;https://lod.nal.usda.gov/nalt/5850;NALT;92.7
Borrago;Borago;https://lod.nal.usda.gov/nalt/18601;NALT;92.3
Canton;Canthon;https://lod.nal.usda.gov/nalt/21944;NALT;92.3
Cements;cement;https://lod.nal.usda.gov/nalt/564;NALT;92.3
Amazon;Amazona;https://lod.nal.usda.gov/nalt/7408;NALT;92.3
Piglet;piglets;https://lod.nal.usda.gov/nalt/14457;NALT;92.3
Gerber;Gerbera;https://lod.nal.usda.gov/nalt/13307;NALT;92.3
Metabolomic analysis;metabolome analysis;https://lod.nal.usda.gov/nalt/17412;NALT;92.3
Mucosal;mucosa;https://lod.nal.usda.gov/nalt/23407;NALT;92.3
mildew;mildews;https://lod.nal.usda.gov/nalt/34451;NALT;92.3
piglet;piglets;https://lod.nal.usda.gov/nalt/14457;NALT;92.3
predator prey relations;predator prey relationships;https://lod.nal.usda.gov/nalt/41769;NALT;92.0
Oriza sativa;Oryza sativa;https://lod.nal.usda.gov/nalt/56277;NALT;91.7
Genotyping-by-sequencing;genotyping by sequencing;https://lod.nal.usda.gov/nalt/298101;NALT;91.7
centrifugeuse;centrifuges;https://lod.nal.usda.gov/nalt/23713;NALT;91.7
Spray-drying;spray drying;https://lod.nal.usda.gov/nalt/34731;NALT;91.7
genotyping-by-sequencing;genotyping by sequencing;https://lod.nal.usda.gov/nalt/298101;NALT;91.7
soil hydraulic property;soil hydraulic properties;https://lod.nal.usda.gov/nalt/14082;NALT;91.7
soya product;soy products;https://lod.nal.usda.gov/nalt/43258;NALT;91.7
smallholder farmer;smallholder farms;https://lod.nal.usda.gov/nalt/39551;NALT;91.4
Charente-Maritime (17);Charente-Maritime;https://ark.frantiq.fr/ark:/26678/pcrtfzdyccTyGo;PACTOLS_LIEUX;95.0
Nouvelle Aquitaine;Nouvelle-Aquitaine;https://ark.frantiq.fr/ark:/26678/crtzlfS4gXnfB;PACTOLS_LIEUX;94.4
Budding;Buding;https://ark.frantiq.fr/ark:/26678/pcrtAKTm7fhYmd;PACTOLS_LIEUX;92.3
Calvia;Calviac;https://ark.frantiq.fr/ark:/26678/pcrtGCTdzieAio;PACTOLS_LIEUX;92.3
Olympe;Olympie;https://ark.frantiq.fr/ark:/26678/pcrtAXroUFsvgq;PACTOLS_LIEUX;92.3
FAOSTAT;Fostat;https://ark.frantiq.fr/ark:/26678/pcrtPpN2PQU0H8;PACTOLS_LIEUX;92.3
Foutou;Fourtou;https://ark.frantiq.fr/ark:/26678/pcrtr8AFdFLd7b;PACTOLS_LIEUX;92.3
St-Martin-de-Hinx;Saint-Martin-de-Hinx;https://ark.frantiq.fr/ark:/26678/pcrt3yPPYFAwkp;PACTOLS_LIEUX;91.9
Rhone River;Rhone (river);https://ark.frantiq.fr/ark:/26678/pcrtf3oqIdtJuL;PACTOLS_LIEUX;91.7
Transferts de population;transfert de population;https://ark.frantiq.fr/ark:/26678/pcrtJE5sgAQTy7;PACTOLS_SUJETS;97.9
agricultural operations;agricultural operation;https://ark.frantiq.fr/ark:/26678/pcrt9n2Ts8Ezd2;PACTOLS_SUJETS;97.8
Agricultural practices;agricultural practice;https://ark.frantiq.fr/ark:/26678/pcrtPMnyBFScKQ;PACTOLS_SUJETS;97.7
Geomorphological units;geomorphological unit;https://ark.frantiq.fr/ark:/26678/pcrtx8jkmjkjtt;PACTOLS_SUJETS;97.7
agricultural practices;agricultural practice;https://ark.frantiq.fr/ark:/26678/pcrtPMnyBFScKQ;PACTOLS_SUJETS;97.7
History of sciences;history of science;https://ark.frantiq.fr/ark:/26678/pcrt5GrzaBJm2M;PACTOLS_SUJETS;97.3
Computer sciences;computer science;https://ark.frantiq.fr/ark:/26678/pcrt1GP77Af0SA;PACTOLS_SUJETS;97.0
computer sciences;computer science;https://ark.frantiq.fr/ark:/26678/pcrt1GP77Af0SA;PACTOLS_SUJETS;97.0
Paleo-demography;paleodemography;https://ark.frantiq.fr/ark:/26678/pcrtZd0FGOZwl3;PACTOLS_SUJETS;96.8
Intersections;intersection;https://ark.frantiq.fr/ark:/26678/pcrt1rzVyAmprh;PACTOLS_SUJETS;96.0
Measurements;measurement;https://ark.frantiq.fr/ark:/26678/pcrtvf0mpf0kwr;PACTOLS_SUJETS;95.7
homosapiens;Homo sapiens;https://ark.frantiq.fr/ark:/26678/pcrt4zBhISqAvt;PACTOLS_SUJETS;95.7
measurements;measurement;https://ark.frantiq.fr/ark:/26678/pcrtvf0mpf0kwr;PACTOLS_SUJETS;95.7
Agricultural practices.;agricultural practice;https://ark.frantiq.fr/ark:/26678/pcrtPMnyBFScKQ;PACTOLS_SUJETS;95.5
agricultural practicies;agricultural practice;https://ark.frantiq.fr/ark:/26678/pcrtPMnyBFScKQ;PACTOLS_SUJETS;95.5
SpÄctromÄtrie de masse;spectromÄtrie de masse;https://ark.frantiq.fr/ark:/26678/pcrtJM6rFSQ84T;PACTOLS_SUJETS;95.5
Methodolgy;methodology;https://ark.frantiq.fr/ark:/26678/pcrtdUvEkSeyqH;PACTOLS_SUJETS;95.2
Embankments;embankment;https://ark.frantiq.fr/ark:/26678/pcrtSaNDeLvKzS;PACTOLS_SUJETS;95.2
amendements;amendement;https://ark.frantiq.fr/ark:/26678/pcrtlLaVIacMMt;PACTOLS_SUJETS;95.2
Transcripts;transcript;https://ark.frantiq.fr/ark:/26678/pcrtx8s30626cq;PACTOLS_SUJETS;95.2
crop yields;crop yield;https://ark.frantiq.fr/ark:/26678/pcrtqAso9mnL56;PACTOLS_SUJETS;95.2
methodolgy;methodology;https://ark.frantiq.fr/ark:/26678/pcrtdUvEkSeyqH;PACTOLS_SUJETS;95.2
pProcessing;processing;https://ark.frantiq.fr/ark:/26678/pcrt10kHDSy3qs;PACTOLS_SUJETS;95.2
radiolarian;radiolaria;https://ark.frantiq.fr/ark:/26678/pcrtjgtrwctzqc;PACTOLS_SUJETS;95.2
01. ENVIRONNEMENT;environnement;https://ark.frantiq.fr/ark:/26678/pcrt9Y2UzXnNSo;PACTOLS_SUJETS;95.0
07. SCIENCES HUMAINES ET SOCIALES;sciences humaines et sociales;https://ark.frantiq.fr/ark:/26678/pcrtB87XLJs3pM;PACTOLS_SUJETS;95.0
A01 Agriculture;agriculture;https://ark.frantiq.fr/ark:/26678/pcrtuDGmtyntVb;PACTOLS_SUJETS;95.0
Fagus sylvatica L;Fagus sylvatica;https://ark.frantiq.fr/ark:/26678/pcrttknrrfxbnb;PACTOLS_SUJETS;95.0
E51 - Population rurale;population rurale;https://ark.frantiq.fr/ark:/26678/pcrtav4GgUBmvU;PACTOLS_SUJETS;95.0
ECO economics;Economics;https://ark.frantiq.fr/ark:/26678/pcrtUMWShh4AcZ;PACTOLS_SUJETS;95.0
SHS gÄographie humaine;gÄographie humaine;https://ark.frantiq.fr/ark:/26678/pcrtZRnIMwdJOD;PACTOLS_SUJETS;95.0
SSH economics;Economics;https://ark.frantiq.fr/ark:/26678/pcrtUMWShh4AcZ;PACTOLS_SUJETS;95.0
Web application;application;https://ark.frantiq.fr/ark:/26678/pcrtfdq3v9ucyd;PACTOLS_SUJETS;95.0
X-ray Diffraction XRD;X-ray diffraction;https://ark.frantiq.fr/ark:/26678/pcrtAXp46dQPL8;PACTOLS_SUJETS;95.0
application web;application;https://ark.frantiq.fr/ark:/26678/pcrtfdq3v9ucyd;PACTOLS_SUJETS;95.0
functional data analysis;functional analysis;https://ark.frantiq.fr/ark:/26678/pcrtBThnmzqTT1;PACTOLS_SUJETS;95.0
U70 - Sciences humaines et sociales;sciences humaines et sociales;https://ark.frantiq.fr/ark:/26678/pcrtB87XLJs3pM;PACTOLS_SUJETS;95.0
mobile data collection;data collection;https://ark.frantiq.fr/ark:/26678/pcrtIq8AvOPlPV;PACTOLS_SUJETS;95.0
web application;application;https://ark.frantiq.fr/ark:/26678/pcrtfdq3v9ucyd;PACTOLS_SUJETS;95.0
spatial organization patterns;spatial organization;https://ark.frantiq.fr/ark:/26678/pcrt3mBlLdPeGK;PACTOLS_SUJETS;95.0
deleafing;de-leafing;https://ark.frantiq.fr/ark:/26678/pcrtmXwSfJwwIE;PACTOLS_SUJETS;94.7
geophysic;geophysics;https://ark.frantiq.fr/ark:/26678/pcrt4kT9Gzua0B;PACTOLS_SUJETS;94.7
susscrofa;Sus scrofa;https://ark.frantiq.fr/ark:/26678/pcrtRmvjGjzyOO;PACTOLS_SUJETS;94.7
Concretes;concrete;https://ark.frantiq.fr/ark:/26678/pcrttk3hqkx8s7049j925sxn;PACTOLS_SUJETS;94.1
Fourrages;fourrage;https://ark.frantiq.fr/ark:/26678/pcrtctgw299764;PACTOLS_SUJETS;94.1
economic;Economics;https://ark.frantiq.fr/ark:/26678/pcrtUMWShh4AcZ;PACTOLS_SUJETS;94.1
land uses;land use;https://ark.frantiq.fr/ark:/26678/pcrtUu5zfknZ1x;PACTOLS_SUJETS;94.1
machines agricoles;machine agricole;https://ark.frantiq.fr/ark:/26678/pcrtbp5wkgrxb6;PACTOLS_SUJETS;94.1
Comfort;comforts;https://ark.frantiq.fr/ark:/26678/pcrtWe1U0gnsaJ;PACTOLS_SUJETS;93.3
African;Africans;https://ark.frantiq.fr/ark:/26678/pcrt6dOfSUnkXu;PACTOLS_SUJETS;93.3
Openings;opening;https://ark.frantiq.fr/ark:/26678/pcrtx72BOMXZ2d;PACTOLS_SUJETS;93.3
Genetic;genetics;https://ark.frantiq.fr/ark:/26678/pcrtsMXniZP305;PACTOLS_SUJETS;93.3
Maladies;maladie;https://ark.frantiq.fr/ark:/26678/pcrtMY50Z2K4Fh;PACTOLS_SUJETS;93.3
carcass;carcasse;https://ark.frantiq.fr/ark:/26678/pcrtEfcf8rSZvm;PACTOLS_SUJETS;93.3
classes sociales;classe sociale;https://ark.frantiq.fr/ark:/26678/pcrtbgMATQiLX4;PACTOLS_SUJETS;93.3
genetic;genetics;https://ark.frantiq.fr/ark:/26678/pcrtsMXniZP305;PACTOLS_SUJETS;93.3
music annotation;music notation;https://ark.frantiq.fr/ark:/26678/pcrtvF6NR3LjxS;PACTOLS_SUJETS;93.3
terroirs;terroir;https://ark.frantiq.fr/ark:/26678/pcrt10h3IcGtc8;PACTOLS_SUJETS;93.3
Cross-section;cross section;https://ark.frantiq.fr/ark:/26678/crtKGldzd0Oxc;PACTOLS_SUJETS;92.3
Orchad;orchard;https://ark.frantiq.fr/ark:/26678/pcrtNkl2f86Opk;PACTOLS_SUJETS;92.3
ModÅles;modÅle;https://ark.frantiq.fr/ark:/26678/pcrtikIy5HjYAA;PACTOLS_SUJETS;92.3
Elevage;levage;https://ark.frantiq.fr/ark:/26678/pcrtgBkTk0dR1X;PACTOLS_SUJETS;92.3
modÅles;modÅle;https://ark.frantiq.fr/ark:/26678/pcrtikIy5HjYAA;PACTOLS_SUJETS;92.3
puzzles;puzzle;https://ark.frantiq.fr/ark:/26678/pcrt36crn23ftx;PACTOLS_SUJETS;92.3
vergers;verger;https://ark.frantiq.fr/ark:/26678/pcrtNkl2f86Opk;PACTOLS_SUJETS;92.3
Independance;indÄpendance;https://ark.frantiq.fr/ark:/26678/pcrtP2Dd8lnOmB;PACTOLS_SUJETS;91.7
Modelisation;modÄlisation;https://ark.frantiq.fr/ark:/26678/pcrtUbQwxQM8Q8;PACTOLS_SUJETS;91.7
methodologie;mÄthodologie;https://ark.frantiq.fr/ark:/26678/pcrtdUvEkSeyqH;PACTOLS_SUJETS;91.7
modelisation;modÄlisation;https://ark.frantiq.fr/ark:/26678/pcrtUbQwxQM8Q8;PACTOLS_SUJETS;91.7
soils fertility;Soil fertility;http://vocabularies.unesco.org/thesaurus/concept10791;UNESCO_SOIL;96.6
P35 - FertilitÄ du sol;FertilitÄ du sol;http://vocabularies.unesco.org/thesaurus/concept10791;UNESCO_SOIL;95.0
EAR soil sciences;Soil sciences;http://vocabularies.unesco.org/thesaurus/concept164;UNESCO_SOIL;95.0
TER sciences du sol;Sciences du sol;http://vocabularies.unesco.org/thesaurus/concept164;UNESCO_SOIL;95.0